flow_type,flow_name,sheet_name,status
conversation,example_tickbox_2,example_tickbox_2,released
conversation,example_main,example_main,released
conversation,example_save_variable,example_save_variable,released
conversation,example_user_input,example_user_input,released
conversation,example_variables,example_variables,released
conversation,example_characters,example_characters,released
conversation,example_habit,example_habit,released
conversation,example_long_xxxxxxxxxxxxxxxx,example_long_xxxxxxxxxxxxxxxx,released
conversation,example_mark_as_completed,example_mark_as_completed,released
conversation,example_story1,example_story1,released
conversation,example_story2,example_story2,released
conversation,example_tickbox,example_tickbox,released